account_id,customer_id,data_holder,account_type,balance_aud,currency,status,open_date,last_updated
ACC_000001,CUST_00015,Westpac,credit_card,80464.18,AUD,open,2021-11-15,2026-04-13T09:51:58.077389
ACC_000002,CUST_00195,Bendigo Bank,transaction,10477.47,AUD,open,2023-08-26,2026-04-16T17:04:00.436987
ACC_000003,CUST_00136,Macquarie Bank,credit_card,35678.29,AUD,open,2022-08-15,2026-04-09T02:53:55.663544
ACC_000004,CUST_00183,ANZ,mortgage,84585.27,AUD,suspended,2023-03-27,2026-03-31T23:53:23.200387
ACC_000005,CUST_00116,Commonwealth Bank,transaction,18711.62,AUD,open,2023-03-15,2026-03-26T11:05:40.983481
ACC_000006,CUST_00151,Westpac,savings,5569.91,AUD,open,2021-07-08,2026-04-03T01:22:05.176034
ACC_000007,CUST_00085,Commonwealth Bank,credit_card,19849.4,AUD,open,2022-08-12,2026-04-14T23:27:06.125533
ACC_000008,CUST_00186,Bendigo Bank,credit_card,39913.37,AUD,open,2024-02-12,2026-03-25T09:34:08.708106
ACC_000009,CUST_00025,Commonwealth Bank,mortgage,29792.44,AUD,open,2024-10-11,2026-03-23T18:22:51.193698
ACC_000010,CUST_00173,ING Australia,savings,4682.38,AUD,open,2024-08-20,2026-04-14T02:38:40.967991
ACC_000011,CUST_00064,Westpac,transaction,45352.43,AUD,closed,2023-05-14,2026-04-12T13:24:14.248915
ACC_000012,CUST_00064,Macquarie Bank,savings,37387.68,AUD,open,2022-06-07,2026-03-22T16:39:47.869782
ACC_000013,CUST_00167,Bendigo Bank,savings,82349.18,AUD,open,2023-03-26,2026-04-05T13:00:51.252456
ACC_000014,CUST_00105,NAB,mortgage,17775.39,AUD,closed,2026-02-15,2026-04-10T11:26:38.080752
ACC_000015,CUST_00001,NAB,term_deposit,78717.3,AUD,suspended,2025-12-23,2026-04-07T01:06:33.441316
ACC_000016,CUST_00170,ING Australia,mortgage,12735.13,AUD,suspended,2022-06-22,2026-03-29T19:55:42.666547
ACC_000017,CUST_00189,Bendigo Bank,savings,63451.91,AUD,suspended,2023-04-09,2026-04-15T11:35:30.017789
ACC_000018,CUST_00136,Westpac,savings,81646.6,AUD,suspended,2021-06-20,2026-04-07T00:02:00.072224
ACC_000019,CUST_00018,ING Australia,transaction,34022.81,AUD,suspended,2023-11-18,2026-04-07T00:13:28.170403
ACC_000020,CUST_00153,Commonwealth Bank,credit_card,6509.58,AUD,open,2026-03-18,2026-03-25T06:55:02.319196
ACC_000021,CUST_00067,Westpac,term_deposit,19907.65,AUD,open,2026-01-16,2026-04-03T08:03:48.996199
ACC_000022,CUST_00118,ANZ,savings,296.47,AUD,open,2026-01-15,2026-03-25T21:06:49.129051
ACC_000023,CUST_00019,Bendigo Bank,transaction,42753.14,AUD,open,2022-05-10,2026-03-26T15:31:04.009832
ACC_000024,CUST_00063,ANZ,term_deposit,12987.35,AUD,suspended,2021-07-04,2026-03-23T05:10:49.209386
ACC_000025,CUST_00168,Bendigo Bank,savings,56602.3,AUD,open,2024-09-17,2026-03-26T22:08:12.773688
ACC_000026,CUST_00035,ANZ,savings,75570.44,AUD,open,2025-05-29,2026-03-25T07:13:38.425902
ACC_000027,CUST_00155,Westpac,term_deposit,16907.57,AUD,closed,2024-04-09,2026-03-30T10:58:28.674871
ACC_000028,CUST_00065,Macquarie Bank,savings,7391.52,AUD,open,2024-12-06,2026-04-14T02:02:32.791953
ACC_000029,CUST_00086,Macquarie Bank,transaction,53973.19,AUD,suspended,2021-09-23,2026-04-06T13:20:14.016690
ACC_000030,CUST_00181,NAB,credit_card,326.76,AUD,open,2024-01-21,2026-04-15T13:31:27.876235
ACC_000031,CUST_00140,Commonwealth Bank,term_deposit,49304.57,AUD,open,2023-11-23,2026-04-17T09:06:41.672750
ACC_000032,CUST_00094,Macquarie Bank,savings,76358.06,AUD,open,2021-05-10,2026-04-10T21:03:06.219153
ACC_000033,CUST_00091,Macquarie Bank,credit_card,75093.52,AUD,open,2024-03-26,2026-04-13T07:34:07.233119
ACC_000034,CUST_00061,Macquarie Bank,transaction,82965.62,AUD,open,2021-11-09,2026-03-25T08:29:50.892381
ACC_000035,CUST_00046,ING Australia,term_deposit,66394.05,AUD,open,2024-02-17,2026-04-07T08:16:57.009187
ACC_000036,CUST_00069,Westpac,savings,,AUD,open,2026-02-13,2026-03-23T20:54:06.762369
ACC_000037,CUST_00118,ANZ,term_deposit,69655.86,AUD,open,2021-10-27,2026-04-13T06:01:37.854531
ACC_000038,CUST_00103,ANZ,term_deposit,73402.18,AUD,suspended,2025-03-23,2026-04-15T21:20:13.894047
ACC_000039,CUST_00103,ING Australia,credit_card,,AUD,open,2025-09-12,2026-04-16T04:50:18.114508
ACC_000040,CUST_00046,Bendigo Bank,term_deposit,2770.99,AUD,open,2022-08-13,2026-04-09T12:12:07.642489
ACC_000041,CUST_00112,Bendigo Bank,credit_card,9387.71,AUD,open,2024-02-27,2026-04-04T01:20:54.828669
ACC_000042,CUST_00182,NAB,savings,43953.19,AUD,open,2022-02-26,2026-04-01T22:53:46.500255
ACC_000043,CUST_00094,NAB,savings,80628.77,AUD,open,2024-05-21,2026-04-10T06:56:24.941449
ACC_000044,CUST_00185,ANZ,credit_card,25943.84,AUD,open,2023-04-21,2026-04-01T17:43:32.793047
ACC_000045,CUST_00142,Westpac,transaction,35448.16,AUD,open,2025-09-09,2026-04-10T13:55:29.650811
ACC_000046,CUST_00158,Bendigo Bank,term_deposit,34219.43,AUD,open,2021-07-17,2026-04-04T02:54:43.551469
ACC_000047,CUST_00111,Macquarie Bank,credit_card,51369.56,AUD,open,2022-08-21,2026-04-01T00:54:44.283808
ACC_000048,CUST_00131,NAB,transaction,55831.74,AUD,suspended,2022-12-26,2026-04-13T16:11:04.139275
ACC_000049,CUST_00086,Commonwealth Bank,transaction,57024.03,AUD,open,2022-11-07,2026-04-15T03:36:16.305841
ACC_000050,CUST_00012,Westpac,mortgage,51763.92,AUD,suspended,2025-08-02,2026-04-10T09:50:54.454333
ACC_000051,CUST_00050,ING Australia,mortgage,41769.25,AUD,open,2026-02-27,2026-03-27T16:53:03.616056
ACC_000052,CUST_00193,Macquarie Bank,savings,66054.94,AUD,suspended,2022-10-18,2026-04-12T04:14:09.679175
ACC_000053,CUST_00119,Commonwealth Bank,credit_card,20806.45,AUD,closed,2025-03-02,2026-03-30T11:46:48.673309
ACC_000054,CUST_00171,Bendigo Bank,credit_card,50411.17,AUD,suspended,2024-12-09,2026-04-08T00:20:23.911324
ACC_000055,CUST_00185,Bendigo Bank,mortgage,70513.66,AUD,closed,2021-09-28,2026-04-03T02:47:27.422169
ACC_000056,CUST_00116,ANZ,transaction,71308.28,AUD,closed,2025-11-11,2026-04-02T01:55:03.575299
ACC_000057,CUST_00161,Westpac,term_deposit,37109.11,AUD,open,2023-09-20,2026-04-05T08:38:09.676121
ACC_000058,CUST_00082,Bendigo Bank,savings,11330.98,AUD,open,2023-03-02,2026-03-22T13:13:23.486492
ACC_000059,CUST_00017,NAB,mortgage,27790.36,AUD,closed,2025-04-03,2026-03-22T19:59:57.180050
ACC_000060,CUST_00100,Macquarie Bank,credit_card,,AUD,suspended,2024-11-04,2026-04-01T23:11:32.285504
ACC_000061,CUST_00098,NAB,savings,80104.41,AUD,closed,2025-03-14,2026-04-05T14:14:27.874693
ACC_000062,CUST_00138,ING Australia,credit_card,67888.73,AUD,open,2024-02-20,2026-03-26T01:50:45.226785
ACC_000063,CUST_00112,NAB,savings,32747.29,AUD,open,2025-09-02,2026-03-26T21:16:41.803653
ACC_000064,CUST_00120,Westpac,credit_card,45167.57,AUD,open,2021-08-01,2026-03-21T20:33:58.147365
ACC_000065,CUST_00022,ING Australia,mortgage,11102.31,AUD,closed,2021-07-19,2026-03-31T16:13:30.211980
ACC_000066,CUST_00084,Westpac,mortgage,27445.32,AUD,closed,2022-04-16,2026-03-31T21:58:06.196274
ACC_000067,CUST_00065,Macquarie Bank,savings,39711.23,AUD,open,2023-08-14,2026-04-01T18:33:12.383323
ACC_000068,CUST_00058,ING Australia,savings,66295.43,AUD,open,2025-11-29,2026-04-10T07:12:01.942269
ACC_000069,CUST_00052,Macquarie Bank,savings,52624.2,AUD,open,2022-07-04,2026-04-04T12:40:53.227661
ACC_000070,CUST_00145,Westpac,mortgage,59304.26,AUD,suspended,2023-07-12,2026-04-18T16:19:46.820503
ACC_000071,CUST_00192,ING Australia,savings,66001.21,AUD,suspended,2023-09-02,2026-04-06T09:42:55.003815
ACC_000072,CUST_00007,ANZ,credit_card,57413.19,AUD,open,2023-01-06,2026-04-14T23:51:56.572505
ACC_000073,CUST_00020,Bendigo Bank,transaction,8212.56,AUD,suspended,2022-08-03,2026-04-14T18:58:53.561914
ACC_000074,CUST_00031,Macquarie Bank,credit_card,66415.32,AUD,open,2021-09-30,2026-03-21T16:31:09.669815
ACC_000075,CUST_00018,Bendigo Bank,term_deposit,581.76,AUD,closed,2021-07-17,2026-04-15T11:30:22.878510
ACC_000076,CUST_00093,ING Australia,mortgage,59974.89,AUD,open,2025-03-12,2026-03-27T07:03:51.778311
ACC_000077,CUST_00158,Macquarie Bank,credit_card,65731.84,AUD,suspended,2022-05-27,2026-03-27T14:50:08.410064
ACC_000078,CUST_00069,ANZ,transaction,70527.5,AUD,open,2022-04-30,2026-04-09T09:53:52.366763
ACC_000079,CUST_00193,NAB,credit_card,51683.36,AUD,open,2027-02-28,2026-04-18T21:05:40.618049
ACC_000080,CUST_00047,NAB,transaction,29837.53,AUD,suspended,2024-09-15,2026-04-04T02:06:17.959324
ACC_000081,CUST_00180,ANZ,credit_card,367.92,AUD,closed,2021-12-15,2026-03-26T01:27:34.101602
ACC_000082,CUST_00126,Bendigo Bank,transaction,58547.1,AUD,open,2025-04-20,2026-03-27T13:52:09.922227
ACC_000083,CUST_00024,ANZ,transaction,34076.3,AUD,open,2024-05-03,2026-04-18T03:43:06.877206
ACC_000084,CUST_00122,Bendigo Bank,credit_card,28891.26,AUD,open,2024-11-10,2026-04-11T03:30:00.365194
ACC_000085,CUST_00180,NAB,term_deposit,25716.27,AUD,open,2022-09-03,2026-04-16T17:30:09.871380
ACC_000086,CUST_00031,ING Australia,credit_card,80800.03,AUD,closed,2025-07-21,2026-04-03T15:14:00.864964
ACC_000087,CUST_00071,ING Australia,credit_card,82999.9,AUD,open,2022-05-21,2026-03-29T22:17:58.076583
ACC_000088,CUST_00050,ANZ,transaction,30355.33,AUD,open,2023-11-25,2026-04-08T13:45:05.001316
ACC_000089,CUST_00071,Commonwealth Bank,savings,46812.19,AUD,closed,2024-03-20,2026-03-21T02:02:42.908388
ACC_000090,CUST_00027,Macquarie Bank,savings,48582.49,AUD,open,2026-04-17,2026-04-18T20:37:28.297972
ACC_000091,CUST_00014,ANZ,mortgage,9254.45,AUD,suspended,2025-06-29,2026-04-06T17:00:14.847924
ACC_000092,CUST_00162,ING Australia,savings,12472.66,AUD,open,2024-04-06,2026-03-29T08:16:56.467297
ACC_000093,CUST_00064,Commonwealth Bank,credit_card,64859.91,AUD,open,2024-09-19,2026-04-04T07:36:23.981572
ACC_000094,CUST_00199,Bendigo Bank,mortgage,38018.99,AUD,closed,2022-12-23,2026-03-29T03:49:22.583914
ACC_000095,CUST_00079,Bendigo Bank,credit_card,4649.69,AUD,open,2022-12-03,2026-03-29T04:06:43.739315
ACC_000096,CUST_00161,Westpac,term_deposit,55966.61,AUD,open,2024-07-29,2026-04-18T10:19:48.772715
ACC_000097,CUST_00041,Commonwealth Bank,mortgage,38018.07,AUD,open,2024-07-21,2026-03-26T12:22:27.330574
ACC_000098,CUST_00074,ING Australia,term_deposit,59605.44,AUD,open,2023-11-19,2026-03-28T01:46:20.985343
ACC_000099,CUST_00161,Bendigo Bank,transaction,35849.38,AUD,open,2021-07-30,2026-04-15T14:01:19.413191
ACC_000100,CUST_00037,Commonwealth Bank,savings,13686.4,AUD,suspended,2025-05-06,2026-04-01T23:42:21.120857
ACC_000101,CUST_00074,NAB,savings,39573.68,AUD,open,2022-11-22,2026-03-25T01:30:15.286230
ACC_000102,CUST_00129,Bendigo Bank,mortgage,36928.38,AUD,open,2021-06-03,2026-04-04T18:51:48.371226
ACC_000103,CUST_00155,ANZ,savings,7308.45,AUD,suspended,2022-10-10,2026-04-17T01:43:52.770056
ACC_000104,CUST_00151,Commonwealth Bank,term_deposit,48769.12,AUD,suspended,2023-04-27,2026-04-11T23:12:07.592166
ACC_000105,CUST_00167,NAB,term_deposit,15017.32,AUD,closed,2024-03-18,2026-04-19T16:58:39.668390
ACC_000106,CUST_00024,NAB,term_deposit,34413.76,AUD,open,2025-05-17,2026-03-31T03:50:06.992656
ACC_000107,CUST_00085,NAB,mortgage,24142.62,AUD,suspended,2024-11-11,2026-04-10T10:54:14.543537
ACC_000108,CUST_00010,NAB,savings,26391.22,AUD,closed,2024-06-27,2026-04-04T03:17:03.642898
ACC_000109,CUST_00132,Macquarie Bank,savings,55729.96,AUD,open,2025-12-31,2026-03-31T14:52:22.565290
ACC_000110,CUST_00133,ANZ,credit_card,64175.89,AUD,open,2022-10-18,2026-03-25T23:08:43.433248
ACC_000111,CUST_00069,Bendigo Bank,transaction,78816.02,AUD,open,2024-08-01,2026-04-06T14:41:36.931110
ACC_000112,CUST_00008,ING Australia,credit_card,67841.32,AUD,open,2022-10-06,2026-04-03T23:43:02.022198
ACC_000113,CUST_00142,NAB,savings,18711.91,AUD,open,2024-12-31,2026-04-11T14:53:21.763379
ACC_000114,CUST_00166,Macquarie Bank,transaction,42111.11,AUD,open,2024-02-03,2026-04-17T05:50:41.385246
ACC_000115,CUST_00107,Macquarie Bank,mortgage,83310.92,AUD,closed,2026-01-12,2026-04-16T20:27:38.281149
ACC_000116,CUST_00049,Bendigo Bank,credit_card,63308.01,AUD,closed,2024-07-26,2026-03-27T12:46:39.101841
ACC_000117,CUST_00088,Macquarie Bank,credit_card,,AUD,suspended,2022-05-31,2026-04-16T00:11:10.345770
ACC_000118,CUST_00149,ING Australia,mortgage,73479.78,AUD,open,2023-05-26,2026-04-16T11:16:56.480806
ACC_000119,CUST_00142,Macquarie Bank,credit_card,31751.46,AUD,open,2023-02-26,2026-04-07T10:21:57.241976
ACC_000120,CUST_00147,NAB,transaction,72689.11,AUD,closed,2023-08-13,2026-03-24T09:33:27.573458
ACC_000121,CUST_00181,Macquarie Bank,mortgage,32509.73,AUD,open,2021-07-25,2026-04-08T21:31:14.359546
ACC_000122,CUST_00127,Commonwealth Bank,transaction,42445.89,AUD,closed,2024-03-13,2026-04-08T11:37:34.970131
ACC_000123,CUST_00026,Bendigo Bank,mortgage,812.22,AUD,open,2023-08-28,2026-03-26T16:49:35.542500
ACC_000124,CUST_00020,NAB,term_deposit,28446.99,AUD,open,2021-11-22,2026-04-10T06:51:26.605117
ACC_000125,CUST_00173,Macquarie Bank,credit_card,31990.8,AUD,closed,2023-12-12,2026-04-02T06:11:32.002404
ACC_000126,CUST_00139,Commonwealth Bank,credit_card,5349.97,AUD,open,2025-08-26,2026-03-25T09:18:55.745239
ACC_000127,CUST_00192,Commonwealth Bank,mortgage,83147.88,AUD,open,2026-04-05,2026-03-31T03:28:38.341736
ACC_000128,CUST_00114,Westpac,term_deposit,,AUD,open,2026-03-26,2026-04-16T15:36:12.559621
ACC_000129,CUST_00092,ANZ,mortgage,11946.22,AUD,open,2026-03-25,2026-03-25T03:52:35.002761
ACC_000130,CUST_00044,Westpac,savings,51611.55,AUD,closed,2025-08-10,2026-03-26T06:36:42.745525
ACC_000131,CUST_00150,Westpac,transaction,38928.32,AUD,open,2021-09-12,2026-03-30T20:14:53.526408
ACC_000132,CUST_00120,ANZ,credit_card,13006.92,AUD,suspended,2026-03-25,2026-03-30T06:24:47.273995
ACC_000133,CUST_00077,ING Australia,mortgage,58521.81,AUD,closed,2021-08-01,2026-04-03T10:13:59.968450
ACC_000134,CUST_00124,Commonwealth Bank,transaction,32106.65,AUD,open,2022-05-05,2026-04-13T01:42:19.567263
ACC_000135,CUST_00006,Macquarie Bank,mortgage,22968.07,AUD,open,2024-03-05,2026-03-25T14:49:41.824238
ACC_000136,CUST_00156,ING Australia,mortgage,70707.73,AUD,open,2025-03-22,2026-04-13T06:10:36.366750
ACC_000137,CUST_00156,Macquarie Bank,term_deposit,18224.89,AUD,open,2021-12-10,2026-04-02T21:01:37.985836
ACC_000138,CUST_00161,Commonwealth Bank,savings,25913.76,AUD,open,2023-06-11,2026-04-02T17:39:11.962772
ACC_000139,CUST_00024,ANZ,term_deposit,63409.61,AUD,suspended,2023-09-07,2026-03-21T00:07:00.404608
ACC_000140,CUST_00094,Bendigo Bank,credit_card,77603.14,AUD,closed,2023-12-19,2026-04-11T18:49:46.310504
ACC_000141,CUST_00076,ING Australia,term_deposit,68261.88,AUD,open,2026-01-17,2026-04-16T14:59:58.568576
ACC_000142,CUST_00174,ING Australia,mortgage,82201.56,AUD,closed,2025-01-29,2026-04-05T19:05:57.572200
ACC_000143,CUST_00004,ANZ,credit_card,10066.84,AUD,open,2021-05-20,2026-03-20T23:43:26.977662
ACC_000144,CUST_00150,NAB,term_deposit,8763.59,AUD,suspended,2026-07-10,2026-04-16T04:11:03.470593
ACC_000145,CUST_00084,Bendigo Bank,transaction,54874.28,AUD,open,2022-11-09,2026-03-23T22:42:17.714896
ACC_000146,CUST_00167,NAB,savings,11450.93,AUD,closed,2023-10-24,2026-03-30T01:09:28.318701
ACC_000147,CUST_00030,Commonwealth Bank,transaction,75360.67,AUD,suspended,2021-08-15,2026-03-22T05:40:19.967705
ACC_000148,CUST_00108,Bendigo Bank,transaction,75202.88,AUD,suspended,2026-01-14,2026-04-03T13:01:19.000622
ACC_000149,CUST_00105,ANZ,savings,58519.0,AUD,open,2023-11-24,2026-04-05T14:07:10.932388
ACC_000150,CUST_00093,Commonwealth Bank,term_deposit,46051.83,AUD,closed,2023-06-19,2026-04-10T11:14:12.160908
ACC_000151,CUST_00071,Westpac,savings,80640.42,AUD,open,2021-12-18,2026-04-19T17:58:30.066863
ACC_000152,CUST_00165,ING Australia,credit_card,82528.48,AUD,open,2023-09-30,2026-04-12T08:50:17.589220
ACC_000153,CUST_00145,Westpac,savings,70449.43,AUD,open,2022-02-13,2026-04-17T01:43:07.860214
ACC_000154,CUST_00085,Macquarie Bank,transaction,66929.04,AUD,open,2025-05-10,2026-03-21T10:31:29.308256
ACC_000155,CUST_00034,Bendigo Bank,term_deposit,67772.93,AUD,open,2022-06-01,2026-04-19T09:52:05.727487
ACC_000156,CUST_00004,ANZ,transaction,,AUD,open,2022-05-08,2026-03-21T12:31:57.201194
ACC_000157,CUST_00190,NAB,credit_card,9217.02,AUD,open,2023-10-26,2026-03-24T13:25:53.856699
ACC_000158,CUST_00132,Bendigo Bank,savings,38146.46,AUD,suspended,2024-11-07,2026-04-13T15:05:11.585879
ACC_000159,CUST_00078,NAB,savings,4700.57,AUD,open,2023-03-04,2026-04-09T01:47:10.253027
ACC_000160,CUST_00126,ING Australia,mortgage,5783.46,AUD,open,2025-02-25,2026-04-08T13:24:43.342793
ACC_000161,CUST_00033,ANZ,credit_card,53628.06,AUD,suspended,2024-04-07,2026-03-22T07:17:11.293843
ACC_000162,CUST_00136,ANZ,mortgage,42724.62,AUD,open,2021-11-01,2026-04-14T22:45:41.064804
ACC_000163,CUST_00168,ING Australia,credit_card,61131.81,AUD,open,2021-07-15,2026-03-24T08:07:25.229872
ACC_000164,CUST_00106,ANZ,mortgage,33591.43,AUD,open,2023-07-08,2026-03-24T13:44:36.403285
ACC_000165,CUST_00171,ANZ,term_deposit,81032.16,AUD,open,2022-07-23,2026-04-10T22:06:00.412902
ACC_000166,CUST_00022,Commonwealth Bank,mortgage,7756.26,AUD,suspended,2022-04-28,2026-04-10T10:29:16.153995
ACC_000167,CUST_00016,Bendigo Bank,credit_card,47523.93,AUD,closed,2021-05-04,2026-04-02T11:46:56.815058
ACC_000168,CUST_00185,Commonwealth Bank,term_deposit,50835.06,AUD,open,2021-10-19,2026-04-05T11:22:39.535012
ACC_000169,CUST_00040,ING Australia,mortgage,18672.94,AUD,open,2024-05-29,2026-04-10T21:16:40.689359
ACC_000170,CUST_00030,Macquarie Bank,term_deposit,48585.55,AUD,suspended,2023-05-23,2026-04-16T19:45:46.029608
ACC_000171,CUST_00158,ING Australia,credit_card,1744.7,AUD,open,2023-11-08,2026-04-08T09:29:51.099503
ACC_000172,CUST_00008,Westpac,term_deposit,59580.75,AUD,open,2022-09-16,2026-04-13T09:46:56.091509
ACC_000173,CUST_00047,Macquarie Bank,transaction,47920.45,AUD,open,2023-10-14,2026-04-08T03:14:10.689853
ACC_000174,CUST_00024,ING Australia,credit_card,17893.86,AUD,open,2025-03-09,2026-04-14T19:26:02.942755
ACC_000175,CUST_00080,ING Australia,term_deposit,65919.45,AUD,open,2026-02-28,2026-03-31T14:27:31.400340
ACC_000176,CUST_00040,Westpac,credit_card,3754.69,AUD,closed,2023-05-06,2026-03-25T16:13:26.367651
ACC_000177,CUST_00125,Bendigo Bank,mortgage,34912.71,AUD,open,2024-01-14,2026-04-17T04:12:42.378381
ACC_000178,CUST_00111,Commonwealth Bank,term_deposit,57487.63,AUD,open,2024-09-26,2026-04-04T06:49:58.939669
ACC_000179,CUST_00012,Westpac,mortgage,83670.1,AUD,open,2022-06-20,2026-03-21T05:56:04.448088
ACC_000180,CUST_00197,Westpac,term_deposit,24247.73,AUD,closed,2021-09-27,2026-03-24T04:15:54.937917
ACC_000181,CUST_00045,Westpac,mortgage,45035.79,AUD,open,2024-03-01,2026-04-04T16:30:35.642803
ACC_000182,CUST_00019,NAB,savings,36796.78,AUD,open,2026-01-16,2026-04-13T06:00:49.968939
ACC_000183,CUST_00148,NAB,credit_card,34078.16,AUD,closed,2021-09-02,2026-04-11T13:43:47.635974
ACC_000184,CUST_00006,ANZ,transaction,68013.04,AUD,open,2025-10-27,2026-04-09T04:40:38.963746
ACC_000185,CUST_00023,NAB,savings,20303.56,AUD,closed,2023-07-31,2026-04-19T04:24:16.149971
ACC_000186,CUST_00080,ING Australia,term_deposit,18444.41,AUD,open,2022-08-13,2026-03-22T08:48:45.867547
ACC_000187,CUST_00136,Bendigo Bank,transaction,76956.39,AUD,open,2025-05-12,2026-04-16T02:08:10.044228
ACC_000188,CUST_00061,Commonwealth Bank,transaction,21385.28,AUD,open,2025-07-23,2026-03-31T16:06:34.409228
ACC_000189,CUST_00046,Macquarie Bank,mortgage,39167.99,AUD,suspended,2024-09-05,2026-04-02T15:28:17.574924
ACC_000190,CUST_00165,ING Australia,credit_card,27134.3,AUD,closed,2021-11-15,2026-04-15T09:39:07.374555
ACC_000191,CUST_00018,NAB,mortgage,53483.43,AUD,open,2025-09-30,2026-03-21T03:43:08.673469
ACC_000192,CUST_00130,Commonwealth Bank,term_deposit,,AUD,open,2021-12-26,2026-04-09T06:44:16.839057
ACC_000193,CUST_00020,ING Australia,savings,52083.22,AUD,suspended,2022-12-09,2026-04-16T16:48:53.584244
ACC_000194,CUST_00190,Commonwealth Bank,mortgage,77223.77,AUD,suspended,2026-01-26,2026-03-28T21:56:15.961120
ACC_000195,CUST_00122,Bendigo Bank,transaction,81385.26,AUD,open,2024-12-17,2026-04-01T01:02:34.621287
ACC_000196,CUST_00183,Commonwealth Bank,credit_card,,AUD,closed,2023-01-04,2026-03-24T06:42:50.543751
ACC_000197,CUST_00135,Bendigo Bank,credit_card,13072.8,AUD,closed,2023-04-19,2026-04-03T13:27:46.275904
ACC_000198,CUST_00199,ANZ,credit_card,3977.25,AUD,open,2025-06-22,2026-04-10T13:29:05.101542
ACC_000199,CUST_00025,Bendigo Bank,mortgage,23794.57,AUD,suspended,2023-09-08,2026-04-02T12:24:27.617328
ACC_000200,CUST_00039,ANZ,savings,49324.23,AUD,closed,2025-09-22,2026-03-25T20:50:08.466108
ACC_000201,CUST_00034,Bendigo Bank,savings,25969.25,AUD,open,2021-12-16,2026-04-11T15:46:15.602537
ACC_000202,CUST_00172,ING Australia,credit_card,7490.23,AUD,open,2026-03-16,2026-04-15T04:41:12.804542
ACC_000203,CUST_00093,ANZ,transaction,80824.98,AUD,open,2021-10-24,2026-04-17T04:50:17.765218
ACC_000204,CUST_00058,Westpac,transaction,6097.61,AUD,suspended,2023-09-16,2026-04-06T22:23:39.373327
ACC_000205,CUST_00190,Bendigo Bank,savings,56094.95,AUD,suspended,2023-06-27,2026-04-08T04:54:27.626293
ACC_000206,CUST_00097,Westpac,transaction,14962.33,AUD,open,2025-03-11,2026-04-08T04:55:59.022762
ACC_000207,CUST_00185,NAB,savings,34628.41,AUD,closed,2025-08-10,2026-04-16T06:19:09.038933
ACC_000208,CUST_00157,ANZ,mortgage,19507.25,AUD,closed,2024-12-06,2026-04-16T14:49:27.181457
ACC_000209,CUST_00050,ANZ,credit_card,83669.6,AUD,closed,2023-09-17,2026-04-04T12:12:12.237964
ACC_000210,CUST_00129,Bendigo Bank,mortgage,82115.93,AUD,open,2025-09-25,2026-04-03T02:03:00.985641
ACC_000211,CUST_00065,Commonwealth Bank,mortgage,74237.0,AUD,suspended,2021-08-11,2026-04-09T12:20:09.490520
ACC_000212,CUST_00032,ANZ,savings,64746.49,AUD,open,2021-05-10,2026-04-15T21:57:15.248657
ACC_000213,CUST_00112,Commonwealth Bank,transaction,69328.13,AUD,closed,2023-12-02,2026-04-12T04:09:50.921540
ACC_000214,CUST_00014,NAB,credit_card,31473.71,AUD,open,2024-11-30,2026-03-27T14:01:26.910887
ACC_000215,CUST_00008,ANZ,savings,71249.57,AUD,open,2026-01-28,2026-04-16T01:25:06.117123
ACC_000216,CUST_00010,ANZ,mortgage,59014.16,AUD,closed,2023-11-22,2026-04-10T12:17:20.339856
ACC_000217,CUST_00158,Commonwealth Bank,savings,1124.83,AUD,suspended,2024-05-21,2026-04-02T20:24:19.775226
ACC_000218,CUST_00136,NAB,savings,65862.76,AUD,open,2024-12-05,2026-04-04T07:44:39.723615
ACC_000219,CUST_00108,ING Australia,credit_card,38583.21,AUD,suspended,2024-08-12,2026-04-09T02:33:58.341676
ACC_000220,CUST_00138,Commonwealth Bank,credit_card,48666.56,AUD,open,2022-01-14,2026-04-14T15:47:24.829916
ACC_000221,CUST_00158,ANZ,transaction,48291.75,AUD,suspended,2025-10-03,2026-04-08T06:03:11.117261
ACC_000222,CUST_00093,Commonwealth Bank,credit_card,46019.01,AUD,open,2021-05-09,2026-04-17T21:30:08.721729
ACC_000223,CUST_00100,Macquarie Bank,mortgage,3222.19,AUD,open,2023-10-28,2026-04-03T22:38:34.923781
ACC_000224,CUST_00092,Macquarie Bank,savings,28980.61,AUD,suspended,2023-10-10,2026-03-25T19:50:44.839558
ACC_000225,CUST_00189,Macquarie Bank,term_deposit,10906.52,AUD,open,2025-01-19,2026-03-30T11:36:40.849863
ACC_000226,CUST_00200,ING Australia,mortgage,83360.04,AUD,open,2022-12-13,2026-03-29T05:01:41.281631
ACC_000227,CUST_00017,ING Australia,mortgage,2662.11,AUD,open,2023-10-31,2026-04-06T09:06:42.516742
ACC_000228,CUST_00081,ANZ,credit_card,33548.16,AUD,open,2023-03-10,2026-04-14T09:04:09.768426
ACC_000229,CUST_00193,ING Australia,transaction,23962.48,AUD,open,2021-09-09,2026-04-03T04:34:15.567783
ACC_000230,CUST_00070,Commonwealth Bank,term_deposit,36859.34,AUD,closed,2024-02-28,2026-03-23T12:07:45.481533
ACC_000231,CUST_00087,Westpac,mortgage,58671.86,AUD,open,2023-10-15,2026-03-30T08:19:09.479076
ACC_000232,CUST_00022,ING Australia,mortgage,6248.26,AUD,suspended,2026-03-14,2026-04-12T05:19:37.396392
ACC_000233,CUST_00076,ANZ,savings,6345.89,AUD,suspended,2021-05-20,2026-04-01T23:13:53.596056
ACC_000234,CUST_00184,NAB,transaction,58474.89,AUD,open,2021-06-22,2026-04-06T08:06:22.062885
ACC_000235,CUST_00158,NAB,term_deposit,54174.63,AUD,closed,2025-06-04,2026-04-13T14:50:20.275167
ACC_000236,CUST_00094,Bendigo Bank,transaction,80963.49,AUD,closed,2026-02-10,2026-04-08T23:46:56.813313
ACC_000237,CUST_00009,Westpac,savings,19677.61,AUD,suspended,2025-09-30,2026-04-06T17:38:04.026868
ACC_000238,CUST_00009,Bendigo Bank,transaction,57559.81,AUD,open,2024-07-26,2026-04-03T13:13:28.936990
ACC_000239,CUST_00147,Westpac,credit_card,30874.22,AUD,open,2022-12-31,2026-04-14T14:58:44.087684
ACC_000240,CUST_00007,ING Australia,transaction,42168.26,AUD,open,2025-05-18,2026-04-15T04:39:48.803454
ACC_000241,CUST_00199,ANZ,mortgage,17845.77,AUD,closed,2022-12-15,2026-04-12T21:17:41.308449
ACC_000242,CUST_00052,Commonwealth Bank,transaction,72416.65,AUD,closed,2024-04-18,2026-04-11T08:44:55.712591
ACC_000243,CUST_00023,Macquarie Bank,term_deposit,56600.3,AUD,open,2023-02-10,2026-04-03T10:34:42.126405
ACC_000244,CUST_00077,Macquarie Bank,transaction,60359.68,AUD,open,2021-10-13,2026-04-09T15:10:13.377865
ACC_000245,CUST_00131,Westpac,savings,83728.83,AUD,closed,2021-04-22,2026-03-31T12:27:18.232492
ACC_000246,CUST_00007,ANZ,credit_card,48429.72,AUD,open,2024-06-18,2026-04-13T20:41:31.758948
ACC_000247,CUST_00157,Commonwealth Bank,savings,25944.36,AUD,suspended,2024-01-13,2026-04-01T01:57:21.814313
ACC_000248,CUST_00106,Macquarie Bank,mortgage,69895.52,AUD,open,2021-10-29,2026-04-16T18:30:23.491614
ACC_000249,CUST_00116,NAB,credit_card,28956.01,AUD,suspended,2023-10-04,2026-04-14T12:28:43.806509
ACC_000250,CUST_00047,Macquarie Bank,transaction,36488.86,AUD,open,2025-01-03,2026-04-02T03:23:12.282709
ACC_000251,CUST_00133,Westpac,term_deposit,13578.18,AUD,open,2022-07-26,2026-03-26T17:49:06.442858
ACC_000252,CUST_00133,ANZ,savings,20926.75,AUD,open,2021-11-24,2026-04-15T10:20:05.811619
ACC_000253,CUST_00161,ANZ,credit_card,45112.37,AUD,suspended,2022-05-16,2026-04-14T14:26:02.340490
ACC_000254,CUST_00040,Westpac,credit_card,61114.1,AUD,suspended,2022-04-01,2026-03-31T00:04:01.757965
ACC_000255,CUST_00011,Macquarie Bank,savings,6444.55,AUD,open,2025-01-30,2026-03-22T06:14:06.938069
ACC_000256,CUST_00167,Westpac,credit_card,35118.17,AUD,suspended,2024-06-17,2026-04-10T00:41:49.474126
ACC_000257,CUST_00075,ING Australia,term_deposit,40791.78,AUD,open,2021-11-29,2026-04-16T14:49:05.287934
ACC_000258,CUST_00117,Commonwealth Bank,savings,13015.88,AUD,open,2023-08-01,2026-04-07T13:03:45.503855
ACC_000259,CUST_00156,Westpac,term_deposit,73156.97,AUD,open,2023-10-26,2026-04-18T18:43:49.528064
ACC_000260,CUST_00103,Westpac,term_deposit,43530.8,AUD,open,2021-04-25,2026-04-11T22:49:44.507371
ACC_000261,CUST_00069,NAB,transaction,11545.04,AUD,suspended,2024-01-23,2026-04-02T20:22:42.504581
ACC_000262,CUST_00108,Westpac,transaction,69052.36,AUD,open,2024-03-22,2026-04-17T14:18:07.304842
ACC_000263,CUST_00196,Westpac,mortgage,84655.38,AUD,closed,2025-03-15,2026-04-17T04:05:08.412844
ACC_000264,CUST_00006,Commonwealth Bank,mortgage,42715.5,AUD,open,2024-10-02,2026-03-26T01:46:59.500313
ACC_000265,CUST_00013,Commonwealth Bank,term_deposit,41813.45,AUD,closed,2025-05-16,2026-03-23T23:18:49.867232
ACC_000266,CUST_00074,Bendigo Bank,savings,71933.24,AUD,open,2024-08-01,2026-04-08T01:11:26.726086
ACC_000267,CUST_00196,NAB,term_deposit,3368.22,AUD,open,2022-11-27,2026-04-16T07:21:22.349689
ACC_000268,CUST_00142,ANZ,savings,32532.82,AUD,suspended,2023-05-22,2026-04-08T03:13:49.653707
ACC_000269,CUST_00175,Bendigo Bank,savings,10500.72,AUD,open,2024-10-04,2026-03-28T07:29:12.941330
ACC_000270,CUST_00143,ANZ,transaction,16519.45,AUD,open,2023-04-14,2026-03-31T03:36:48.025237
ACC_000271,CUST_00010,Westpac,term_deposit,68239.08,AUD,suspended,2022-10-07,2026-04-14T00:12:31.385468
ACC_000272,CUST_00036,ANZ,credit_card,26734.32,AUD,open,2021-12-26,2026-04-07T22:34:21.373561
ACC_000273,CUST_00152,ANZ,credit_card,70318.74,AUD,open,2025-09-23,2026-04-05T05:36:25.661527
ACC_000274,CUST_00122,Macquarie Bank,savings,30994.59,AUD,suspended,2025-07-06,2026-04-06T07:10:31.077764
ACC_000275,CUST_00079,Macquarie Bank,savings,50535.77,AUD,suspended,2022-11-12,2026-04-11T23:15:51.936638
ACC_000276,CUST_00148,Westpac,savings,49391.24,AUD,suspended,2024-01-24,2026-03-27T09:14:29.907795
ACC_000277,CUST_00199,Macquarie Bank,mortgage,12134.82,AUD,open,2022-05-06,2026-04-11T07:06:42.716353
ACC_000278,CUST_00049,Commonwealth Bank,mortgage,26320.71,AUD,closed,2024-09-23,2026-04-17T12:00:47.053369
ACC_000279,CUST_00129,Macquarie Bank,credit_card,78204.54,AUD,open,2021-12-16,2026-04-11T04:14:25.582020
ACC_000280,CUST_00181,Westpac,credit_card,17227.72,AUD,suspended,2026-03-04,2026-03-26T04:46:48.516475
ACC_000281,CUST_00097,ANZ,transaction,38801.23,AUD,open,2024-01-04,2026-04-08T23:18:24.311177
ACC_000282,CUST_00157,NAB,transaction,81352.35,AUD,open,2024-11-05,2026-04-12T16:30:46.864367
ACC_000283,CUST_00198,ANZ,transaction,58515.51,AUD,suspended,2024-02-09,2026-04-07T08:22:31.854681
ACC_000284,CUST_00185,ANZ,term_deposit,9920.24,AUD,closed,2026-01-04,2026-04-11T04:02:38.452818
ACC_000285,CUST_00089,Macquarie Bank,transaction,24333.7,AUD,open,2024-08-31,2026-04-16T16:20:18.675572
ACC_000286,CUST_00114,ING Australia,term_deposit,63397.44,AUD,open,2023-12-19,2026-04-16T04:32:18.993002
ACC_000287,CUST_00144,ING Australia,term_deposit,11236.84,AUD,open,2023-05-29,2026-03-21T05:56:59.175151
ACC_000288,CUST_00013,ING Australia,credit_card,18794.93,AUD,open,2021-10-29,2026-04-01T06:58:53.852683
ACC_000289,CUST_00184,NAB,savings,57741.91,AUD,open,2021-07-23,2026-03-22T13:30:37.574974
ACC_000290,CUST_00105,ING Australia,mortgage,40321.85,AUD,open,2022-08-18,2026-04-13T10:20:17.443206
ACC_000291,CUST_00074,ING Australia,savings,77128.61,AUD,suspended,2026-03-19,2026-04-10T08:47:45.731899
ACC_000292,CUST_00190,ING Australia,savings,77581.14,AUD,open,2022-01-10,2026-03-22T17:25:07.079651
ACC_000293,CUST_00010,Macquarie Bank,mortgage,66870.63,AUD,open,2025-03-21,2026-03-26T23:38:08.341406
ACC_000294,CUST_00010,Commonwealth Bank,term_deposit,48060.74,AUD,open,2024-01-01,2026-03-31T15:00:22.877600
ACC_000295,CUST_00117,ING Australia,credit_card,44329.23,AUD,suspended,2023-07-23,2026-04-08T08:21:12.097107
ACC_000296,CUST_00120,ANZ,transaction,68653.59,AUD,open,2024-09-03,2026-04-06T17:18:43.876887
ACC_000297,CUST_00184,Westpac,savings,62480.83,AUD,open,2022-06-01,2026-04-09T06:40:51.599678
ACC_000298,CUST_00045,Bendigo Bank,mortgage,70207.63,AUD,open,2023-03-29,2026-04-05T04:37:08.611136
ACC_000299,CUST_00048,Westpac,mortgage,27167.94,AUD,open,2025-04-12,2026-04-10T17:58:03.064692
ACC_000300,CUST_00115,Macquarie Bank,term_deposit,81069.98,AUD,open,2024-10-04,2026-03-22T06:34:49.852266
ACC_000301,CUST_00067,ING Australia,term_deposit,58731.71,AUD,open,2023-03-16,2026-04-02T08:40:57.687560
ACC_000302,CUST_00041,NAB,credit_card,78425.56,AUD,open,2025-03-27,2026-04-10T10:03:43.593711
ACC_000303,CUST_00164,ANZ,term_deposit,52050.48,AUD,open,2026-02-15,2026-03-22T11:29:33.282462
ACC_000304,CUST_00117,ING Australia,credit_card,31444.92,AUD,suspended,2025-01-05,2026-03-26T22:58:40.081314
ACC_000305,CUST_00171,Macquarie Bank,transaction,64639.0,AUD,open,2025-08-22,2026-04-15T16:16:30.762175
ACC_000306,CUST_00135,NAB,credit_card,59672.0,AUD,open,2023-07-06,2026-03-27T15:08:59.705968
ACC_000307,CUST_00141,Bendigo Bank,transaction,48465.99,AUD,suspended,2024-06-18,2026-04-11T03:37:39.814818
ACC_000308,CUST_00114,Commonwealth Bank,transaction,60796.49,AUD,closed,2023-02-18,2026-04-07T12:23:32.801730
ACC_000309,CUST_00015,NAB,transaction,43382.69,AUD,closed,2024-12-27,2026-03-26T18:12:45.859923
ACC_000310,CUST_00173,Macquarie Bank,term_deposit,61340.45,AUD,open,2024-12-02,2026-03-26T16:04:24.069819
ACC_000311,CUST_00149,Commonwealth Bank,savings,35726.13,AUD,open,2023-07-16,2026-04-19T08:50:29.014675
ACC_000312,CUST_00018,NAB,savings,24046.26,AUD,closed,2021-09-01,2026-04-18T17:44:13.845346
ACC_000313,CUST_00096,NAB,mortgage,73852.53,AUD,suspended,2024-12-20,2026-03-24T10:41:23.078820
ACC_000314,CUST_00035,ING Australia,term_deposit,9643.14,AUD,open,2021-07-01,2026-03-29T05:42:56.942433
ACC_000315,CUST_00187,Westpac,savings,64153.34,AUD,suspended,2022-08-13,2026-03-25T16:37:25.578569
ACC_000316,CUST_00109,Bendigo Bank,mortgage,69897.32,AUD,open,2025-07-11,2026-03-21T00:49:10.192558
ACC_000317,CUST_00049,ING Australia,savings,2254.58,AUD,open,2023-08-17,2026-04-17T23:45:03.615620
ACC_000318,CUST_00062,Westpac,savings,,AUD,open,2021-06-29,2026-04-17T17:22:02.394086
ACC_000319,CUST_00063,ING Australia,savings,33893.69,AUD,open,2024-04-12,2026-04-13T01:47:27.182034
ACC_000320,CUST_00036,Bendigo Bank,term_deposit,19520.81,AUD,suspended,2024-06-03,2026-04-15T03:48:56.831256
